{
  "same_modal": {
    "F1@5": 0.015245079313631296,
    "F1@10": 0.030243182763485792,
    "F1@5_norm": 0.9858095238095238,
    "F1@10_norm": 0.9855,
    "Precision@5": 0.9858095238095238,
    "Precision@10": 0.9855,
    "HitRate@5": 1.0,
    "HitRate@10": 1.0,
    "MAP@5": 0.9785476190476191,
    "MAP@10": 0.9767168524817335
  },
  "cross_modal": {
    "F1@5": 0.014551600881253983,
    "F1@10": 0.028969949626541595,
    "F1@5_norm": 0.9841349206349205,
    "F1@10_norm": 0.986734126984127,
    "Precision@5": 0.9841349206349205,
    "Precision@10": 0.986734126984127,
    "HitRate@5": 0.9996031746031746,
    "HitRate@10": 0.9996031746031746,
    "MAP@5": 0.9761555555555556,
    "MAP@10": 0.9776704632779037
  },
  "avg_retrieval_time_ms": 0.018753042348651904,
  "per_scenario": {
    "same:ms->ms": {
      "n": 300,
      "F1@5": 0.01706155632984901,
      "F1@10": 0.03375935521013241,
      "F1@5_norm": 0.9793333333333334,
      "F1@10_norm": 0.9773333333333335,
      "Precision@5": 0.9793333333333334,
      "Precision@10": 0.9773333333333335,
      "Recall@5": 0.00860574106619801,
      "Recall@10": 0.017176332747510258,
      "HitRate@5": 1.0,
      "HitRate@10": 1.0,
      "MAP@5": 0.9679444444444444,
      "MAP@10": 0.9625998677248678,
      "avg_time_ms": 0.026981666742358357
    },
    "same:optical->optical": {
      "n": 420,
      "F1@5": 0.015753784970217996,
      "F1@10": 0.03131764708118077,
      "F1@5_norm": 0.978095238095238,
      "F1@10_norm": 0.9800000000000001,
      "Precision@5": 0.978095238095238,
      "Precision@10": 0.9800000000000001,
      "Recall@5": 0.007941891312895586,
      "Recall@10": 0.01591725823044428,
      "HitRate@5": 1.0,
      "HitRate@10": 1.0,
      "MAP@5": 0.9676984126984127,
      "MAP@10": 0.9686641156462585,
      "avg_time_ms": 0.01873309527235549
    },
    "same:sar->sar": {
      "n": 120,
      "F1@5": 0.012919896640826876,
      "F1@10": 0.025652545999144193,
      "F1@5_norm": 1.0,
      "F1@10_norm": 0.9991666666666668,
      "Precision@5": 1.0,
      "Precision@10": 0.9991666666666668,
      "Recall@5": 0.006501950585175552,
      "Recall@10": 0.01299306458604248,
      "HitRate@5": 1.0,
      "HitRate@10": 1.0,
      "MAP@5": 1.0,
      "MAP@10": 0.9988865740740741,
      "avg_time_ms": 0.012207500064202273
    },
    "cross:ms->optical": {
      "n": 300,
      "F1@5": 0.01616362631288004,
      "F1@10": 0.03223684210526315,
      "F1@5_norm": 0.9746666666666666,
      "F1@10_norm": 0.98,
      "Precision@5": 0.9746666666666666,
      "Precision@10": 0.98,
      "Recall@5": 0.00814938684503902,
      "Recall@10": 0.016387959866220735,
      "HitRate@5": 1.0,
      "HitRate@10": 1.0,
      "MAP@5": 0.9604222222222222,
      "MAP@10": 0.9642256613756615,
      "avg_time_ms": 0.019859333309189726
    },
    "cross:optical->ms": {
      "n": 420,
      "F1@5": 0.0150245628879855,
      "F1@10": 0.029847825008064714,
      "F1@5_norm": 0.9771428571428571,
      "F1@10_norm": 0.978095238095238,
      "Precision@5": 0.9771428571428571,
      "Precision@10": 0.978095238095238,
      "Recall@5": 0.007571365106507307,
      "Recall@10": 0.01515865631589724,
      "HitRate@5": 0.9976190476190476,
      "HitRate@10": 0.9976190476190476,
      "MAP@5": 0.9699920634920635,
      "MAP@10": 0.9688241685563114,
      "avg_time_ms": 0.019552619016307983
    },
    "cross:sar->optical": {
      "n": 120,
      "F1@5": 0.012432544624325442,
      "F1@10": 0.024731848184818484,
      "F1@5_norm": 0.9983333333333333,
      "F1@10_norm": 0.9991666666666668,
      "Precision@5": 0.9983333333333333,
      "Precision@10": 0.9991666666666668,
      "Recall@5": 0.006255221386800334,
      "Recall@10": 0.012520885547201337,
      "HitRate@5": 1.0,
      "HitRate@10": 1.0,
      "MAP@5": 0.9983333333333333,
      "MAP@10": 0.9986286375661375,
      "avg_time_ms": 0.024865833499158423
    },
    "cross:optical->sar": {
      "n": 420,
      "F1@5": 0.015016665865163106,
      "F1@10": 0.02998097037147324,
      "F1@5_norm": 0.9766666666666668,
      "F1@10_norm": 0.9821428571428571,
      "Precision@5": 0.9766666666666668,
      "Precision@10": 0.9821428571428571,
      "Recall@5": 0.007567383580786652,
      "Recall@10": 0.015226342253148395,
      "HitRate@5": 1.0,
      "HitRate@10": 1.0,
      "MAP@5": 0.9627301587301587,
      "MAP@10": 0.9677407407407408,
      "avg_time_ms": 0.021629999987670175
    },
    "cross:ms->sar": {
      "n": 300,
      "F1@5": 0.016218905472636814,
      "F1@10": 0.03226973684210526,
      "F1@5_norm": 0.9779999999999999,
      "F1@10_norm": 0.981,
      "Precision@5": 0.9779999999999999,
      "Precision@10": 0.981,
      "Recall@5": 0.00817725752508361,
      "Recall@10": 0.01640468227424749,
      "HitRate@5": 1.0,
      "HitRate@10": 1.0,
      "MAP@5": 0.9654555555555555,
      "MAP@10": 0.9666035714285716,
      "avg_time_ms": 0.012792333339651426
    },
    "cross:sar->ms": {
      "n": 120,
      "F1@5": 0.012453300124532997,
      "F1@10": 0.024752475247524757,
      "F1@5_norm": 1.0,
      "F1@10_norm": 1.0,
      "Precision@5": 1.0,
      "Precision@10": 1.0,
      "Recall@5": 0.006265664160401002,
      "Recall@10": 0.012531328320802004,
      "HitRate@5": 1.0,
      "HitRate@10": 1.0,
      "MAP@5": 1.0,
      "MAP@10": 1.0,
      "avg_time_ms": 0.012154999906973293
    }
  }
}